,word1,word2,prediction
0,abandon,consigning,-9.43325341105305
1,abandon,left,-9.298134191945845
2,abandon,soldier,-10.220431372791154
3,about,wandering,-9.529991928439504
4,abstract,moon,-10.060685149326817
5,abstract,rally,-10.151225185481188
6,abundance,wealth,-9.238918113708047
7,abuse,access,-9.654452088749936
8,accepted,accepted,-0.0
9,accepted,acknowledged,-8.4111803297942
10,access,approach,-9.974592044823991
11,access,gateway,-9.781007248582167
12,accommodation,arrangement,-10.501143537892451
13,accommodation,settlement,-10.279489069683795
14,accompany,walking,-9.711114824892528
15,accomplishment,pass,-9.977808990920925
16,account,invoice,-10.326446259505738
17,account,statement,-9.875926576052777
18,acoustic,remedy,-10.020046026329165
19,acre,earthquake,-10.056767135109927
20,acrylic,cloth,-8.466822064628918
21,act,counter,-9.79203761553479
22,act,played,-9.773363659998331
23,action,adjustment,-9.651545082005994
24,activity,music,-9.501843095164883
25,add,increased,-9.242516514163729
26,add,string,-9.503700838803306
27,adult,type,-8.940289319654289
28,advance,advance,-0.0
29,advance,recovery,-9.955210632563318
30,advance,string,-10.436702077144206
31,adventure,rail,-9.404779997283772
32,adventure,sixteen,-9.42545166566484
33,advice,retail,-9.869998443028521
34,advocate,booster,-10.0388068886948
35,age,childhood,-7.790371411508186
36,aged,develop,-9.794130286030907
37,aged,worn,-9.126514394355139
38,agency,office,-8.937041925007271
39,agent,motor,-10.172486600017093
40,agent,nature,-9.260666217275983
41,aim,purpose,-8.541937736559063
42,air,carnival,-9.743367829717089
43,air,cold,-8.749020499723859
44,air,plasma,-10.687445999915957
45,aircraft,asphalt,-9.432005898443585
46,aircraft,balloon,-9.81253844755313
47,aircraft,guy,-9.15958005757342
48,aircraft,yacht,-10.159751112462155
49,airplane,plane,-7.582605821096151
50,alarm,horn,-9.620776920915906
51,alarm,press,-10.177187673731318
52,albert,einstein,-9.071424353906915
53,alley,punk,-8.956667756973474
54,alloy,metal,-8.643995526352604
55,american,lobster,-9.06855303685047
56,anatomy,palm,-10.097469057179724
57,ancient,city,-8.696003615753803
58,ancient,pod,-9.079134862571538
59,animal,hand,-9.137707545675799
60,animal,pet,-7.796772661034135
61,animal,wild,-7.725518896922115
62,anniversary,birthday,-8.693858190096003
63,answer,counter,-9.832374078296942
64,answer,plea,-9.550841348339109
65,answering,react,-9.986360585233646
66,anxiety,worry,-8.511916989891645
67,apartment,bathroom,-8.205700669007886
68,apartment,beach,-8.955211300048346
69,apartment,staircase,-8.896108321934754
70,apartment,valley,-9.467047232102969
71,apple,bank,-9.608832357831977
72,apple,blossom,-9.10219113176479
73,apple,cute,-8.503995840737263
74,apple,dessert,-8.12536513768608
75,apple,fruit,-7.935793729311478
76,application,use,-8.882988193510093
77,approach,avenue,-9.159945572751143
78,approach,trench,-9.662625351283845
79,approval,encouragement,-10.15818637324012
80,arab,coffee,-9.635517846361441
81,arch,curve,-9.511675558051659
82,arch,shoulder,-9.593013514058498
83,architecture,engineering,-8.545753498830814
84,architecture,urban,-8.327642847004283
85,architecture,yellow,-8.866924762948706
86,area,patio,-8.252194525495542
87,arm,arrow,-9.777087519372866
88,arm,caterpillar,-9.92310667738331
89,army,battleship,-10.144965514072265
90,aroma,fragrance,-8.21014500481893
91,arrange,string,-9.949738220066301
92,arrangement,flower,-9.299955887692343
93,arrow,boxer,-9.753021982592058
94,art,beer,-9.408517046570969
95,art,drive,-9.652669277536539
96,art,gem,-9.263013574295176
97,art,painting,-7.502031492639948
98,art,work,-8.376416157275324
99,assessments,charge,-11.208588301391085
100,assets,credit,-9.454906086888522
101,assistant,secretary,-8.633309490482812
102,association,realtor,-9.969082636968592
103,assumption,conclusion,-9.478101067940397
104,asylum,dollar,-9.890309286111831
105,asylum,gem,-10.469072371018427
106,athlete,participant,-10.304450614383649
107,athletics,broadcasting,-10.298125212430921
108,attitude,respect,-8.78030622497456
109,attitude,study,-9.820725312295426
110,attorney,lawyer,-6.304392502843824
111,attraction,pressure,-9.913788264891984
112,attraction,quality,-9.215281438503302
113,attribute,condition,-10.235736926898182
114,automobile,racing,-9.523278506425617
115,autumn,sunshine,-9.174294272956562
116,baby,treat,-8.978564255455046
117,back,out,-7.295984253937646
118,backward,educated,-10.714402319807949
119,bacon,cooking,-7.558381907966885
120,bacon,dessert,-7.696741677027574
121,bacon,eat,-8.213381634970776
122,bacon,potato,-7.425726243364461
123,bag,cop,-9.17443642630617
124,bag,wire,-9.588941961327636
125,bait,pump,-9.959590083243114
126,bakery,cake,-7.935031081313258
127,bakery,work,-9.209424237220455
128,bakery,zebra,-9.176173636056774
129,balance,gauge,-10.308536167219557
130,ball,curl,-8.614376390300094
131,ball,egg,-8.868816624549961
132,ball,situation,-9.409945432240187
133,ball,sphere,-9.508523321665784
134,band,ear,-8.820728983291085
135,band,guitar,-7.031947374871535
136,band,musician,-7.70414295755901
137,band,punk,-7.585893568528189
138,bar,boat,-9.494133298481453
139,bar,cocktail,-7.960362836589533
140,bar,pub,-7.944131733605456
141,base,club,-10.30810740074305
142,baseball,cheetah,-10.221308506944817
143,baseball,rainbow,-9.590309878339067
144,baseball,season,-8.481682974846237
145,basket,moss,-9.94741060043139
146,bat,bat,-0.0
147,bat,boy,-9.04087581604741
148,bat,fruit,-9.038059716976036
149,bat,march,-9.729428108879015
150,bat,turn,-9.157750166780755
151,bath,floor,-8.46659742751975
152,bath,patio,-8.293023182370638
153,bathroom,bedroom,-7.120845057625653
154,bathroom,room,-7.2314647784894355
155,bathroom,sitting,-7.901734111955413
156,bathroom,staircase,-8.528813996094136
157,battle,fight,-8.866623724614882
158,battle,war,-8.666116214631728
159,bay,curve,-10.264242479622167
160,bead,chess,-10.584846641547896
161,bead,redhead,-8.938563787425151
162,beard,blonde,-9.076471281559519
163,beard,flamingo,-10.05502298254363
164,beard,sport,-9.543046637803922
165,beat,meter,-9.179185038241437
166,bed,bedroom,-6.623239390783316
167,bed,ceiling,-8.240640855450206
168,bed,layer,-8.237530541208654
169,bed,plant,-9.37813977988748
170,bed,relax,-8.60299817911001
171,bedroom,canyon,-9.013085416222324
172,bedroom,cottage,-8.253172031334437
173,bedroom,door,-7.512994564759953
174,bedroom,floor,-7.985975059973933
175,bedroom,pool,-8.54351226918135
176,bedroom,sleep,-8.2069759317573
177,bedroom,stair,-8.437333139318557
178,beef,cooking,-7.722268946957651
179,beef,deer,-8.837552919310804
180,beet,rank,-9.998214473246113
181,belief,magic,-9.062546606958339
182,belief,purpose,-8.957727195289943
183,believe,levy,-10.384128566945959
184,belly,dark,-7.47274500742495
185,benefit,interest,-9.012908597307986
186,benefited,help,-9.723875967849956
187,bent,double,-9.50864675819722
188,bent,inclination,-8.99901915763837
189,berlin,germany,-8.881965842426105
190,berry,flying,-9.807479966507302
191,berry,sweet,-7.991978115022135
192,bible,misty,-9.691149052025587
193,bicycle,green,-8.772717405847292
194,bikini,ivy,-9.665246478317771
195,billboard,structure,-10.128635569120583
196,bin,box,-9.888326409634091
197,bin,cup,-10.22321657880598
198,bird,cock,-9.64954619482828
199,bird,goose,-9.590188410677458
200,bird,shade,-9.334481801036128
201,birthday,happy,-8.369343595852312
202,bishop,priest,-8.556327997274698
203,bishop,seizure,-9.738014121505394
204,bishop,wine,-9.810182793694835
205,bit,tool,-8.811254756556133
206,bitter,bitter,-0.0
207,black,bright,-7.330641774900525
208,black,brown,-7.5617977746693095
209,black,colour,-8.579825675995385
210,black,grey,-8.71266597289454
211,black,market,-8.74093509401485
212,black,paint,-8.136875905348987
213,black,purple,-7.360127288696392
214,black,seat,-9.43851529110111
215,black,skirt,-7.914366654140574
216,black,stripe,-8.64486314593492
217,black,white,-7.387760451645902
218,blanket,covering,-8.70920770306391
219,blast,smashing,-9.044867030937247
220,bleach,white,-9.989445915139076
221,blessing,deal,-9.840361083306522
222,blessing,patronage,-10.222380943441191
223,blonde,dark,-7.942569770387393
224,blonde,girl,-7.800433979640396
225,blonde,hair,-7.627251789331834
226,blonde,redhead,-8.61904717264877
227,blonde,wig,-8.85597061259401
228,bloom,foliage,-9.58428027596766
229,bloom,friend,-9.667206878003283
230,bloom,glittering,-9.695266979559985
231,bloom,plant,-9.678606639529278
232,blossom,fruit,-8.370891297569099
233,blossom,purple,-8.294942610804387
234,blow,contact,-10.722765447287031
235,blue,color,-7.800203007329503
236,blue,grey,-8.504229986289948
237,blue,shade,-7.776022060061268
238,blue,yellow,-6.864191619755419
239,blues,rhythm,-8.62821637593433
240,blur,eye,-8.955118074459289
241,blur,metro,-9.907086889863871
242,board,commission,-8.943740526675635
243,board,recommendation,-9.127381892084422
244,boast,complain,-9.514738016627467
245,boast,explain,-9.796834290446883
246,boat,ferry,-8.633610409283897
247,boat,negro,-10.52911629209324
248,boat,vessel,-7.979871990475975
249,body,registration,-9.567830561487996
250,bone,skull,-8.414866739489723
251,book,copper,-10.214872878837637
252,book,fair,-9.322720586043367
253,book,fine,-8.924139046770653
254,book,open,-10.023992108744926
255,book,smoking,-9.751653813395517
256,boot,punch,-9.369772243938622
257,born,live,-9.291207798010987
258,born,play,-9.521969462015676
259,born,son,-8.295533349055267
260,born,subway,-10.117597327292712
261,bottle,glass,-6.877624009967742
262,bottle,wine,-6.987090574334412
263,bounce,bounced,-8.583809449751842
264,bounce,swing,-8.867608639481173
265,box,return,-9.536976463846162
266,boxer,lighthouse,-10.266766200332247
267,boy,hand,-8.002247280947927
268,boy,live,-8.986436134205647
269,boy,male,-8.12669672915976
270,brace,stand,-9.478694635590124
271,branch,lego,-10.87688075137872
272,branch,limb,-9.99946207952553
273,branch,president,-9.470924657442158
274,brandy,difficulty,-9.395419220451275
275,brass,executive,-9.340676245170817
276,bread,cover,-8.680881541364048
277,bread,dessert,-7.066367131403905
278,bread,ocean,-9.274238514447777
279,bread,salad,-6.538667386330279
280,bread,sandwich,-6.796231421284117
281,break,scattered,-10.314837619091705
282,breakfast,restaurant,-7.261523192427547
283,brick,cell,-9.429315343771112
284,brick,concrete,-7.608997125617917
285,brick,construction,-8.568132848286323
286,brick,house,-8.707977484865884
287,brick,porch,-7.652732561444744
288,brick,rabbit,-8.658230920178239
289,brick,skyscraper,-8.77402456173798
290,brick,staircase,-8.283859842826287
291,brick,wall,-8.945785530227026
292,bride,dress,-8.218918182495923
293,bright,dark,-6.221967728921617
294,bright,glittering,-7.891004776999144
295,bright,grey,-8.482320868724742
296,bright,red,-7.2596352906054324
297,bright,sky,-7.588190021944265
298,bright,sun,-7.829558455359481
299,broadcast,packet,-10.056033329924926
300,brochure,reference,-9.656919798371487
301,brokerage,politics,-9.449153075366857
302,bronze,sculpture,-9.128716891880176
303,brother,member,-9.178680063790358
304,brown,feather,-9.346880527091383
305,brown,grey,-9.047873018168504
306,brown,insect,-9.541971528133084
307,brown,purple,-7.940460117553858
308,brown,violet,-8.575293585448666
309,brush,implement,-9.389039570283614
310,bubble,surface,-9.261775261510591
311,buck,horse,-9.156715587728794
312,bucket,duck,-8.669085553504093
313,bucket,girl,-8.568322603331264
314,bud,foliage,-9.25248430255677
315,bud,shade,-9.161202468801411
316,budget,scale,-9.842708888941774
317,build,flesh,-9.497412272844272
318,building,cafe,-8.391301577806251
319,building,construction,-7.862045470510108
320,building,floor,-7.852125026773441
321,building,interior,-8.957858907195451
322,building,sandwich,-8.794899327930157
323,building,sidewalk,-8.218920073499188
324,building,zombie,-9.68873468345163
325,bulgarian,nurse,-9.612382136561713
326,bulletin,news,-10.9109421698654
327,bundle,deceive,-9.710725131328825
328,burger,eat,-8.377181590915118
329,burger,frozen,-8.912470285248304
330,burger,mac,-9.004669744208966
331,burger,sandwich,-7.557570823033894
332,burn,reading,-9.636406217551256
333,burnt,treated,-9.705887163559698
334,bury,hide,-9.901609505118342
335,bus,subway,-8.777361681871717
336,butterfly,insect,-9.270493640707185
337,butterfly,stadium,-10.263438926078768
338,button,police,-9.122353329978152
339,cafe,dinner,-7.328756560868481
340,cafe,frog,-8.963913095643157
341,cafe,lunch,-7.5184152902509185
342,cafe,relax,-8.938621432803988
343,cake,library,-9.100581480879622
344,calendar,system,-9.799634616981972
345,call,meeting,-10.358558955235008
346,call,statement,-10.133602707694525
347,cambridge,harvard,-8.730836136034144
348,camel,highway,-9.853427642125032
349,camel,outdoor,-9.261089962415227
350,camera,painting,-8.404831050538757
351,camera,photography,-7.9889777278976934
352,camp,camp,-0.0
353,camping,pitch,-10.313854286269223
354,can,mill,-9.038300448180953
355,canal,coffee,-10.132907114110361
356,canal,number,-10.752741934569615
357,candy,sweet,-7.02682302438218
358,canine,dog,-7.743784973730665
359,canyon,pizza,-9.160185351584774
360,canyon,river,-8.01370333879
361,capital,seed,-9.968835247228288
362,captain,officer,-9.038662687882438
363,car,hawk,-9.989096903551715
364,car,limousine,-8.834673741090203
365,car,tongue,-9.384578840598879
366,card,party,-10.390150891017088
367,card,plastic,-9.021615487659016
368,cardinal,village,-9.920779127187727
369,carnivore,predator,-9.762489121108244
370,carriage,coach,-9.963405994960368
371,carrot,city,-9.716235461231099
372,carrot,design,-8.848255376328032
373,carrot,fruit,-7.731810487486123
374,carrot,memorial,-9.731143041691917
375,cartoon,wit,-8.977949516879661
376,case,luggage,-9.590958241040838
377,cash,credit,-9.261763440167371
378,cast,gathering,-9.808376515678628
379,cat,garden,-8.314836562722046
380,cat,jaguar,-9.15967213491516
381,cat,licking,-8.539749574720974
382,catering,loan,-10.274525051302522
383,cd,stock,-9.418427662239703
384,ceiling,door,-8.291300411243647
385,ceiling,floor,-7.746996153203791
386,ceiling,mug,-10.612169450314346
387,ceiling,porch,-8.458574614916294
388,cell,membrane,-9.466597956994908
389,cemetery,cone,-10.257986501393665
390,cemetery,graveyard,-8.896298833943856
391,ceramic,live,-9.213550515726922
392,ceramic,ocean,-9.016748070152467
393,chair,rocker,-8.987589337958598
394,chance,fortune,-10.281826336491871
395,change,change,-0.0
396,change,energized,-9.782928988186844
397,change,move,-10.151279676272674
398,change,yielding,-10.037380102101507
399,channel,sound,-9.409271017496254
400,chapel,church,-8.620977687917668
401,characteristic,nature,-8.740355263688905
402,charge,sentence,-10.16040321136998
403,check,draft,-10.467798832211443
404,cheer,musician,-9.815581291204259
405,chef,paris,-9.480196572658752
406,chemical,salt,-9.564488656938751
407,chemistry,claim,-10.53144322359864
408,cherry,dessert,-7.402285799530397
409,cherry,fruit,-7.546037941331941
410,cherry,peel,-8.051324826106207
411,cherry,vine,-8.403617941939968
412,chess,family,-10.37834619347846
413,chicken,lamb,-7.420115633526495
414,chicken,pepper,-6.712741508197475
415,chicken,rice,-7.937582619501703
416,chicken,rooster,-8.668380927020536
417,chicken,star,-8.964573309772746
418,child,fun,-8.69238064584807
419,chocolate,dessert,-6.252613469661563
420,chooses,compare,-9.88255923734433
421,chopper,window,-9.147811193990323
422,christmas,valentine,-9.6258864766444
423,chuck,jaw,-10.53144707522674
424,church,graveyard,-9.504483476330831
425,church,porch,-9.096666057913462
426,church,soldier,-10.043672136054626
427,cigarette,skating,-10.099030606723952
428,circle,oval,-9.906506651090021
429,circle,wig,-9.913918358994303
430,circulation,circulation,-0.0
431,citation,citation,-0.0
432,city,downtown,-7.627084589951527
433,city,kansas,-8.781979473039067
434,city,live,-8.925634629022559
435,city,ruin,-9.633188310812677
436,city,skyline,-9.174477157389138
437,city,small,-8.534678631132529
438,city,town,-7.307665760747227
439,clean,remove,-8.248313695075042
440,clear,clear,-0.0
441,clients,guest,-10.07337561890856
442,cliff,sand,-8.861551140162488
443,clock,stripe,-10.12722457573387
444,closed,up,-9.22457787602977
445,closing,closing,-0.0
446,closing,finale,-9.657713896824172
447,cloud,energy,-10.197527920751288
448,cloud,mist,-9.251541878694843
449,cloud,misty,-9.350657196613236
450,cloud,sunny,-10.09713387096794
451,clown,flood,-9.799204527977182
452,club,cone,-9.908804981206492
453,club,match,-8.959360637568118
454,club,play,-8.845619125226523
455,club,sign,-9.529143510769964
456,coast,downtown,-9.331905446134733
457,coast,glide,-9.62631057787869
458,coast,lay,-10.473782443380482
459,coast,slope,-9.583609837237722
460,cock,penis,-9.9117241842201
461,cocktail,garage,-8.85833258308864
462,cocktail,restaurant,-7.606704187221376
463,code,software,-9.656566201553403
464,coffee,meeting,-9.679515348483845
465,coffee,sun,-9.414667166123355
466,coin,silver,-9.656251748513537
467,coin,ticket,-10.239392870809912
468,cold,dripping,-8.267218450121412
469,cold,ear,-8.783462404197808
470,cold,hot,-7.1428965957678106
471,cold,puddle,-8.661361152736758
472,cold,washing,-8.60958407865143
473,cold,weather,-8.734407501485432
474,collect,collect,-0.0
475,collection,data,-8.770506151413429
476,collection,packet,-9.4646401784006
477,collection,work,-8.714993335904664
478,collision,smash,-10.523173200378793
479,colony,depression,-10.340473451364902
480,color,quality,-8.740180444724572
481,color,wine,-8.326353202284855
482,color,yellow,-7.939770411863805
483,colorful,frame,-7.9916311981285855
484,colour,grey,-8.982223914346086
485,colour,red,-8.800203266923923
486,colour,wild,-8.987783501295041
487,combination,education,-9.646324726457184
488,comfort,relief,-9.832936887710815
489,commenting,note,-10.340183202869827
490,commercial,manufacture,-9.462070701694486
491,commissions,order,-9.795141202086906
492,communication,tune,-9.501516278632671
493,communications,tableware,-9.822673836152905
494,communications,transmission,-9.973092242106768
495,community,territory,-9.405372087338048
496,commuter,scottish,-10.742072206888178
497,comparison,scrutiny,-9.629913027939745
498,compensation,offset,-9.916273328451409
499,computer,lab,-8.80692715899262
500,concert,sing,-8.479571404758289
501,concerts,settle,-10.306828671105958
502,conclusion,conclusion,-0.0
503,concrete,construction,-8.676450545318643
504,concrete,school,-9.652295400596147
505,condition,health,-9.498554850120799
506,cone,windmill,-9.820916880290149
507,conference,lawyer,-9.659903691444855
508,conservation,traveling,-10.006799971878838
509,construction,violet,-9.953798226709011
510,construction,window,-9.08824107694702
511,consume,supply,-9.226951602907997
512,consumer,energy,-9.059763962609363
513,continent,ground,-9.90081017750246
514,continue,keep,-8.402569388643066
515,convertible,pipe,-9.847324417823124
516,cook,printer,-9.905073850827085
517,cooking,salad,-6.513718226643303
518,cooking,soup,-6.675080861785768
519,cool,cool,-0.0
520,cool,jazz,-8.685428036049263
521,copy,image,-9.30102833545238
522,copy,work,-9.671319518223195
523,corridor,hall,-9.501827193028413
524,cost,postage,-9.27188424452291
525,costume,ocean,-9.146047342788169
526,costume,radiation,-9.245214155597576
527,costume,shirt,-8.071856379163616
528,cottage,sleep,-9.196391290734669
529,couch,lounge,-8.146176351416992
530,couple,live,-8.707525367139926
531,couple,makeup,-8.946017773754077
532,couple,square,-8.910719466461297
533,course,workshop,-9.29490373257758
534,cousin,relation,-9.436801307879554
535,cover,dot,-9.150187962831376
536,covering,covering,-0.0
537,crab,manufacturer,-9.1323106788973
538,cracking,cracking,-0.0
539,craft,soup,-8.979134612969336
540,craft,trade,-9.982404188564812
541,craft,van,-9.65430495640159
542,crane,implement,-10.099784764468355
543,crane,stair,-9.371571013659874
544,crane,wild,-9.223659943745742
545,crash,striking,-10.12192404885234
546,crash,swing,-9.750243661289513
547,credit,credit,-0.0
548,credit,flap,-10.803205208835559
549,credit,latin,-10.424234607533734
550,credit,man,-9.087482047266166
551,credit,money,-9.054632979374118
552,credit,ovation,-10.437525062410776
553,credit,sum,-10.311061921465424
554,crew,unit,-9.830034899765716
555,criminal,possession,-9.450346879941323
556,crochet,family,-9.032925366978537
557,crochet,stitch,-8.46899518402735
558,cross,meet,-10.145191260413045
559,cross,pub,-10.44955630097548
560,cross,shopping,-10.243626679782505
561,cross,tower,-9.968146329345915
562,crystal,silhouette,-9.211636763125833
563,crystal,spiral,-9.416092357379934
564,cube,dice,-9.294080773505426
565,cucumber,potato,-7.3579065317590695
566,cup,handbag,-9.450347187329992
567,cup,shape,-9.545842637365961
568,curl,licking,-8.853296923116428
569,currency,exchange,-9.13759741575215
570,curve,rainbow,-10.091153707488747
571,customer,mission,-9.787907929269657
572,cute,fun,-6.862637469914806
573,cute,guy,-7.180447171201185
574,cute,lady,-8.312433265541856
575,cute,music,-7.997742731768697
576,cutter,knife,-8.654953220896488
577,cutting,nip,-10.154376132011317
578,dad,left,-8.733463679276715
579,daisy,grass,-9.377856853880372
580,daisy,violet,-8.595916813760311
581,damned,people,-9.797655710767714
582,dandelion,seed,-9.149143822427368
583,dark,flamingo,-8.979642871541223
584,dark,grey,-8.310039712433129
585,dark,purple,-6.837148189930814
586,dark,rusty,-8.278833463795008
587,dark,yellow,-7.14757997843684
588,dashboard,protection,-9.469689785330663
589,database,list,-10.416236591416611
590,dawn,drug,-9.805063493088012
591,dawn,night,-8.109128892065765
592,dawn,sun,-8.801178907983678
593,day,sunny,-9.00242151941035
594,dead,face,-9.611665115841477
595,dead,hanging,-8.62980016547593
596,deaf,people,-9.6661263148708
597,death,funeral,-9.591029447562496
598,death,organic,-9.882776063448263
599,death,texas,-9.278853763547216
600,declare,promised,-9.598975092704654
601,decoration,interior,-9.151930265507655
602,decoration,set,-9.568584496127524
603,decrease,increase,-7.060142680021668
604,defeat,disappointment,-9.226374106816609
605,defeated,people,-9.569401071913235
606,defeated,upset,-8.580112969843817
607,defense,protection,-9.563781307679186
608,defensive,nazi,-10.183735882955133
609,degree,quantity,-10.435847338964425
610,degree,style,-9.456459578049135
611,delaware,wine,-9.592899062833824
612,demand,demand,-0.0
613,demand,request,-9.647965115058575
614,demand,supply,-8.2734769042198
615,demolition,skyline,-9.762853010974673
616,demolition,skyscraper,-9.959274961298597
617,department,division,-9.573946753812429
618,depression,depression,-0.0
619,descent,fall,-10.06378353663142
620,desert,mountain,-8.559111436732087
621,desert,scenery,-8.962717732194632
622,desert,smoke,-9.931076843935534
623,deserve,expect,-8.977028250067821
624,deserve,merit,-9.208321947191786
625,deserve,want,-8.590324380631913
626,design,muscle,-9.464160584536812
627,designation,recognition,-9.816244170517184
628,desk,suspension,-11.016049223339426
629,dessert,eye,-8.412392917236298
630,dessert,fruit,-6.993937245748242
631,dessert,lunch,-7.432754247181912
632,dessert,orange,-7.481331735397255
633,dessert,pepper,-7.4912961520063135
634,destroy,disassembled,-10.079319146493145
635,develop,foundation,-9.52008045228858
636,device,drum,-9.354636936337121
637,devil,satan,-9.357558945287511
638,dew,misty,-9.170769728252901
639,dew,rain,-10.150094363640978
640,die,played,-9.432125589599321
641,dignity,integration,-10.058360671818917
642,diluted,weak,-10.299791451396832
643,diner,eat,-7.983551834532775
644,diner,kitchen,-7.571189855369957
645,dinner,eat,-7.1634074869452
646,dinner,lunch,-6.355375376521025
647,dinner,night,-7.771332267689163
648,direction,government,-9.583615018520238
649,dirt,racing,-9.039521307111933
650,dirt,road,-8.045193596541324
651,dirt,sand,-7.949220258882537
652,dirty,feel,-8.919349629738765
653,dirty,fun,-8.321462552875378
654,dirty,rusty,-9.036488728429996
655,discipline,science,-9.861044659045495
656,discipline,system,-9.328006663000481
657,disease,plague,-9.206382287015591
658,distance,distribution,-10.08591593033665
659,distinguish,promise,-9.888535198995527
660,distinguish,sex,-9.289043068385599
661,distribute,research,-10.063605052193287
662,distributed,spread,-10.500742302185103
663,divide,split,-9.302044229586395
664,division,lincoln,-9.8955102250264
665,doctor,liability,-10.233859044691448
666,document,resolution,-9.183275233773543
667,dog,fauna,-9.027268273923275
668,dog,pug,-8.233356374210421
669,dog,puppy,-7.478581087753515
670,dollar,yen,-8.101476620054056
671,domain,land,-9.626760617624349
672,dome,uniform,-10.43538255059246
673,doodle,scratch,-9.274454616453093
674,door,interior,-8.98868479750691
675,door,kitchen,-7.218265115589706
676,door,porch,-7.595275808733084
677,door,room,-7.232215367606403
678,door,wall,-8.75583712628115
679,door,window,-6.831013626328032
680,doubt,ego,-9.359963504885508
681,down,flush,-9.703086083603651
682,downtown,shopping,-8.208402017012684
683,downtown,shore,-9.100319896950833
684,downtown,skyscraper,-8.963120212798824
685,dragon,drop,-10.094878823809388
686,dragon,metal,-9.333235077982271
687,dragonfly,pond,-8.774673213769322
688,drain,tap,-9.177479349229323
689,drawing,music,-8.762028811363717
690,dress,wear,-6.883907759398704
691,dressing,sauce,-6.886679747625994
692,drink,murder,-9.436301929558327
693,drink,turn,-8.543784510246383
694,dripping,puddle,-7.865065862677831
695,drive,impulse,-9.49128831637883
696,drive,mechanism,-9.662321327485573
697,drive,operate,-9.386457064667376
698,drop,hanging,-9.266914252358037
699,drug,operator,-10.071472815845786
700,drug,reflection,-9.90428430575871
701,duck,mallard,-9.198321259995241
702,duck,outfit,-8.70258552262968
703,dude,feel,-9.085622996240579
704,dude,friend,-8.361090137664235
705,dude,sexy,-8.420961801806088
706,dude,stop,-9.672187028957863
707,dusk,misty,-8.810461422558566
708,dusk,skirt,-9.334154647222434
709,earn,make,-9.409884044462366
710,east,israel,-8.825852370904947
711,easter,preference,-9.711466508356876
712,eat,eat,-0.0
713,eat,fruit,-7.292558234966068
714,eat,rabbit,-8.163044809284708
715,eat,truck,-9.476683636546003
716,edit,issue,-9.994576468478254
717,edition,issue,-9.816306973849636
718,educated,learned,-9.140784211918948
719,education,education,-0.0
720,egg,family,-8.591895473900271
721,egg,lego,-9.267900523064581
722,eight,movement,-9.500551498514108
723,electronics,guess,-9.364684021348051
724,element,mixture,-8.519120090572612
725,element,nickel,-9.77398871835212
726,eliminate,eliminate,-0.0
727,emergency,temp,-9.944978443583896
728,emission,gum,-9.818124745555815
729,empty,evacuated,-9.045940867942107
730,end,terminate,-10.32152764237512
731,energy,force,-9.823274440758006
732,enforcing,execute,-10.637788644464928
733,engineering,technology,-8.536758068922358
734,enhanced,increased,-8.764746086757894
735,environment,land,-9.373848529218717
736,equipment,rescue,-9.254690222698446
737,escalator,railway,-9.877826257662225
738,establishment,institution,-9.360716665704256
739,evaluate,terminate,-9.783068311010151
740,evidence,identification,-9.520563696001433
741,evidence,record,-9.749016774971691
742,evolution,publicity,-9.894552896433208
743,examination,study,-9.142612946290141
744,example,specimen,-8.737228818378748
745,exclude,lack,-10.291533245751344
746,exhibit,parade,-9.434981166208528
747,exhibition,museum,-7.6894280551393575
748,exhibition,soup,-9.221304466808892
749,expanse,sheet,-8.890628446865207
750,expect,think,-8.185441690249744
751,expectation,possibility,-9.731918231301183
752,experience,inexperience,-8.932680456381652
753,explain,swear,-9.817341288107624
754,explanation,theory,-8.66254699502664
755,explosion,stencil,-9.54080324877869
756,express,mail,-10.106462821818853
757,eye,lip,-8.030372397945907
758,eye,tear,-9.458461209081067
759,fabric,photo,-9.2104318819285
760,fabric,sail,-9.562251611388783
761,face,glittering,-9.313214321549673
762,face,tear,-10.478578591125663
763,family,live,-8.537549654573818
764,family,relay,-9.98084322096743
765,family,square,-9.167430784802699
766,fantasy,fiction,-8.008561131872185
767,farm,wind,-10.449733689086782
768,fashion,handwriting,-9.665261045699035
769,fashion,outfit,-7.942401944662438
770,fast,fast,-0.0
771,father,pop,-8.848001085938565
772,fauna,toy,-9.389469384716218
773,fear,panic,-8.696588770102014
774,fear,terror,-9.14378175805199
775,feather,grey,-9.290971980582208
776,feather,hummingbird,-9.438817304729278
777,feather,insect,-9.487768394046487
778,feather,nest,-9.071335180205592
779,feather,sunflower,-8.868472163015213
780,feather,truck,-9.604636218139271
781,feather,wild,-8.648505335862554
782,feature,side,-9.881662212491312
783,fee,tuition,-10.1407148672968
784,feel,idea,-8.694911482998886
785,feel,kiss,-8.917921555349151
786,feline,nut,-8.920670554999006
787,feline,paw,-8.564050468295491
788,fell,tear,-10.185688850965317
789,female,live,-9.440777150145774
790,female,machine,-9.326175580185332
791,female,makeup,-8.725222223584174
792,festival,musician,-8.994749987593806
793,fever,symptom,-9.640718327314364
794,fiction,romance,-8.626457949740297
795,field,science,-9.399943245338399
796,field,squirrel,-9.424533081025366
797,filled,filled,-0.0
798,film,movie,-4.7024277947605615
799,finger,toe,-8.704297280659116
800,fingerprint,identification,-8.93912125451372
801,fire,smoke,-8.2572927882391
802,fire,water,-8.806127095731142
803,first,initial,-8.988301792016498
804,fishing,rainbow,-9.263059240102399
805,five,month,-8.663098177942851
806,flag,iris,-10.390979337342156
807,flag,quote,-10.296875973535506
808,flame,reaction,-9.767095060314617
809,flame,sidewalk,-9.268257458611222
810,flamingo,hummingbird,-9.39119747816529
811,flamingo,office,-10.750028125035305
812,flat,housing,-9.703858984832367
813,flight,jaguar,-10.66521579652854
814,flight,trip,-9.38001614960505
815,flood,flow,-9.438949783189656
816,flood,line,-10.018128563926874
817,flood,water,-8.80967181846585
818,floor,level,-9.568381009418008
819,floor,roof,-7.849049036468318
820,floor,staircase,-8.339711968795791
821,flower,foliage,-7.965628546256628
822,flower,fruit,-7.570784722428589
823,flower,violet,-8.260057227948012
824,flower,wild,-8.208285113401091
825,flush,spin,-9.753384041980816
826,flute,wind,-10.18210695237305
827,flying,sexy,-9.4913151686927
828,focus,think,-8.990219448437323
829,foliage,ivy,-9.131457496188661
830,foliage,moss,-8.671483385652767
831,foliage,pink,-7.698501523885884
832,foliage,purple,-7.96521522527352
833,foliage,violet,-8.669652061368867
834,follower,satellite,-10.726192551212899
835,food,frozen,-8.311676992017501
836,food,noodle,-8.40668815203194
837,food,produce,-8.601203225920262
838,food,sausage,-8.05976999668378
839,food,wild,-8.520411113931207
840,foot,piano,-8.948598612585542
841,foot,tall,-7.30106853667553
842,foot,train,-9.157670639371338
843,force,sacrifice,-10.22412820825584
844,forecast,message,-9.74220336685092
845,forecast,predict,-9.198347311004449
846,foreigner,travelers,-10.157392715292993
847,forest,ground,-9.451495576026758
848,forest,nature,-8.780854817887988
849,foul,play,-8.92482863458294
850,found,found,-0.0
851,foundation,support,-9.506494990857128
852,friend,guy,-7.216685014689721
853,friend,happy,-8.079697801875167
854,friend,smile,-8.080543950930881
855,frog,poppy,-10.061454343318042
856,frog,tropical,-9.567137630271548
857,frog,whale,-9.436410094031793
858,frost,lily,-9.531281590018894
859,frost,shade,-9.105778853395659
860,frost,sunshine,-9.910358181536413
861,frost,weather,-10.03385960748081
862,frozen,pebble,-10.201133903725482
863,frozen,raspberry,-8.144155944758078
864,frozen,salad,-7.9058535914878
865,fuel,lighter,-8.580655618138985
866,full,full,-0.0
867,fun,guy,-7.3238388163340495
868,fun,kid,-7.093641071897161
869,fun,relax,-8.225662520957197
870,fun,sexy,-7.69339495454483
871,fungi,leather,-9.047157483277838
872,fungi,plant,-9.521725714395208
873,furniture,man,-8.663385073294593
874,furniture,nature,-8.85530996659447
875,game,sign,-9.323528982246373
876,gang,murder,-9.270569452256078
877,garbage,lunch,-9.053371606282191
878,garbage,rubbish,-8.72042273919143
879,garden,house,-8.547779060544036
880,garden,patio,-7.639117752074497
881,garden,plantation,-9.26979077225192
882,garlic,meal,-7.518305658499931
883,garment,tie,-9.868094805035314
884,gas,state,-9.507843669533628
885,gasoline,pepper,-9.354280883321733
886,gate,hotel,-8.963671935938324
887,gauge,meter,-10.458240959900808
888,gear,mechanism,-9.407526523862886
889,gear,reverse,-9.95470516423767
890,gender,representation,-9.621952863758104
891,gender,sex,-8.688951889077583
892,giraffe,harbor,-9.57190686391769
893,giraffe,lion,-8.55520810617922
894,giraffe,mist,-8.709899908380708
895,girl,morning,-8.743162424180595
896,girl,wind,-9.693523260542243
897,give,sacrifice,-9.753669186121883
898,glass,tub,-7.601237590756073
899,glittering,smile,-8.552230106096552
900,glittering,sunshine,-9.587548003107418
901,glove,wear,-9.137053352184402
902,goal,objective,-9.299095960949728
903,goat,milk,-7.539202809391299
904,gold,texture,-9.399589675046222
905,good,sheet,-9.193194614345128
906,goose,mallard,-9.523542551651031
907,gore,pierce,-10.108105661825569
908,government,immunity,-8.791853226365815
909,government,transportation,-8.764382165553803
910,gradual,slow,-9.048724493206409
911,grass,ruin,-9.352288343363467
912,grass,weed,-8.747953801945156
913,grate,lean,-9.108190882129605
914,grave,hat,-9.63343091793408
915,grave,shore,-9.890662492222575
916,graveyard,porch,-8.957440771054932
917,graveyard,pug,-9.21409550765705
918,greater,greater,-0.0
919,green,number,-9.60121820607123
920,green,phone,-9.459116202009579
921,green,violet,-8.36339673374515
922,green,yellow,-6.662802966281404
923,grey,orange,-8.920844823251482
924,grey,purple,-8.770701471856283
925,grey,violet,-9.10918640613683
926,grey,white,-9.341887154472532
927,grip,hold,-9.060592526486994
928,group,vinyl,-9.581648458217064
929,growth,stock,-9.132834817288519
930,guarantee,warranty,-9.60942967991425
931,guardian,livestock,-10.486192594612486
932,guild,smith,-9.610243729908188
933,guitar,piano,-7.205701829148784
934,gun,kennedy,-10.436095668017291
935,gun,picture,-9.945643939800954
936,gun,stair,-9.939487390354934
937,guy,happy,-7.795929926606685
938,guy,idea,-8.192671457800305
939,guy,people,-8.265332614150463
940,guy,tear,-9.812964751045767
941,guy,wire,-9.788634527491181
942,hack,machine,-9.543845546581098
943,hail,remember,-9.214849313204803
944,haircut,sexy,-9.0018032628676
945,half-hour,weeknight,-8.900150831243652
946,hamburger,nutrition,-9.533506744766644
947,hamster,party,-10.187225388066283
948,hand,left,-8.153234444337778
949,hand,stand,-8.874781317498286
950,handle,lighting,-9.46792281041652
951,handle,tram,-9.798917845159883
952,handwriting,pig,-10.020194328436073
953,handwriting,sketch,-9.429118258944722
954,hanging,probability,-9.743334209824756
955,hanging,stencil,-8.026899939770328
956,hanging,stop,-8.9101738199581
957,happy,kid,-7.771040580757964
958,happy,love,-7.3918523160254965
959,happy,mom,-7.730775557860709
960,happy,night,-8.684083641669336
961,happy,rusty,-9.391353620538267
962,happy,time,-8.522323475017565
963,harbor,harbour,-9.50637599492008
964,harbor,port,-8.69346492824964
965,harbor,sailing,-9.262065431891335
966,harbor,sea,-8.716817190181859
967,harbor,sunk,-9.30046663375528
968,harbour,sea,-9.711012350110886
969,hard,zoo,-10.021833333463166
970,hawk,hummingbird,-9.821295766610318
971,hawk,insect,-9.89724345905544
972,hawk,mallard,-10.017897756813538
973,head,question,-9.888241417361373
974,head,secretary,-9.286162474629121
975,headlight,light,-8.374651848358585
976,health,welfare,-9.307093574295713
977,heart,space,-10.202303983006232
978,height,infinite,-10.012991371317128
979,helix,spiral,-9.747145828189625
980,herb,mushroom,-8.15561202252332
981,heroin,shoot,-9.91269686269648
982,highway,street,-8.913192560285252
983,highway,traffic,-8.169147192615277
984,hike,production,-9.584328456645475
985,hill,mountain,-8.671814165492309
986,hill,river,-8.979353175080709
987,hill,town,-8.566377861140735
988,hinder,relieve,-10.149712534143205
989,history,recital,-9.965957349735115
990,hit,pop,-8.55914861490865
991,hockey,play,-8.743098145894635
992,home,return,-8.667462552337652
993,homer,odyssey,-9.648983478466736
994,honolulu,vacation,-10.109336807577018
995,hood,protection,-9.710494761172912
996,horse,interior,-10.158712281150112
997,horse,sweet,-8.85998562820892
998,hostility,war,-9.17661873940697
999,hot,winter,-8.155082842879846
1000,hot,zombie,-8.88145401268904
1001,hotel,house,-9.438514748072098
1002,house,poster,-10.03459423117015
1003,house,staircase,-9.009186562799524
1004,house,windmill,-9.860275445868906
1005,hummingbird,moss,-9.204699226553576
1006,hummingbird,reptile,-9.314116766289349
1007,husky,painting,-9.492429919493395
1008,husky,play,-9.277988485515547
1009,icon,representation,-9.90830032758924
1010,idea,stop,-9.527765778305982
1011,image,image,-0.0
1012,implement,use,-9.454169486235807
1013,improvement,recovery,-9.662972690563091
1014,income,sales,-9.05491924629864
1015,index,mass,-9.987629289784875
1016,information,target,-9.863852354613453
1017,inhale,smoking,-10.04790174531932
1018,initial,letter,-9.699237895338433
1019,ink,liquid,-9.111697994746494
1020,ink,pencil,-8.784919967558105
1021,installation,zoo,-9.716639399527672
1022,instruction,lesson,-8.87773631094547
1023,instruction,recipe,-9.076564107978905
1024,intending,plan,-10.099616193074711
1025,intensity,quiet,-8.684775288770457
1026,interest,possess,-10.001306755505807
1027,interior,roof,-8.969092541693225
1028,interior,tall,-9.299344982872311
1029,interior,wall,-10.066698256342757
1030,invalid,void,-9.692110396360581
1031,ipod,rope,-9.726602251728462
1032,iron,splash,-9.310049446854853
1033,isolation,solitude,-9.66457077557942
1034,israel,terror,-8.480468338167807
1035,item,newspaper,-10.047990563573478
1036,ivy,urban,-9.475965825483001
1037,jacket,jean,-8.79188206486229
1038,jacket,leather,-6.766038042680458
1039,jacket,shirt,-6.381917859649224
1040,jackson,quota,-9.810835135052216
1041,jaguar,pier,-10.213432813186623
1042,jail,nick,-9.53075007344539
1043,jazz,musician,-8.199458858383432
1044,jazz,neck,-9.6109147537607
1045,jazz,piano,-7.747718781805199
1046,jean,outfit,-8.917566390442243
1047,jean,shirt,-8.98928369234413
1048,jellyfish,texture,-8.604982015976228
1049,jewel,person,-9.340758092485034
1050,joke,law,-9.332538318767956
1051,journal,writing,-9.204861329966835
1052,jump,sunlight,-9.63113315313202
1053,jumper,sweater,-9.29944667678933
1054,justice,official,-8.921123835996472
1055,juvenile,rope,-10.004828420413967
1056,keep,keep,-0.0
1057,key,palace,-9.980028767760468
1058,kiss,lip,-8.788332213244443
1059,kiss,sweet,-7.877674790779091
1060,kitchen,outfit,-7.883750588323875
1061,kitchen,sleep,-8.215113031881605
1062,kitchen,stair,-8.262939375818378
1063,kitchen,wedding,-8.53432197074031
1064,kitten,kitty,-9.155641443620343
1065,kitten,paw,-8.734187766167873
1066,kitten,rain,-10.51371424036781
1067,kitty,licking,-9.259558625468864
1068,knitting,stitch,-9.031690632779307
1069,lady,stop,-9.650799804380588
1070,lady,sunset,-9.19930101004097
1071,lager,yeast,-8.798757180962664
1072,lake,valley,-8.333688963175415
1073,lamb,young,-8.364828197375532
1074,lamp,light,-8.033607224644703
1075,landscape,painting,-7.889966783176301
1076,lantern,oak,-9.307702281282284
1077,lapse,suspension,-10.135772071530102
1078,last,senior,-9.362981465879907
1079,law,lawyer,-8.150453868942064
1080,law,mosaic,-9.653865645959783
1081,law,similarity,-10.052485570524954
1082,leaf,nature,-8.96678222162101
1083,learning,study,-9.071720527622013
1084,leather,sunshine,-9.807331317518118
1085,lebanon,war,-9.40636202966819
1086,left,play,-8.465048251325431
1087,left,sitting,-8.360263306576197
1088,left,smile,-8.885257541757454
1089,left,stop,-9.222864074754908
1090,left,walk,-8.417163271281725
1091,levy,request,-10.240532707978641
1092,license,security,-9.717506505216937
1093,licking,puppy,-8.96220887837104
1094,licking,sitting,-8.482589112427616
1095,lie,line,-9.37956234437567
1096,life,story,-8.982078109917898
1097,light,neon,-8.10266702460142
1098,light,shade,-8.099732363297123
1099,light,sleep,-8.829444127740599
1100,lighter,lighter,-0.0
1101,lighting,person,-9.569751049193302
1102,lily,purple,-8.021458909906944
1103,line,lunch,-9.162637682345272
1104,line,temple,-9.861628141468398
1105,lineup,roll,-10.052985515868201
1106,lingerie,underground,-10.01601285216709
1107,link,union,-9.738794859661759
1108,lion,square,-9.526773582041857
1109,lion,tiger,-9.360841156559037
1110,lip,run,-9.75417744536254
1111,liquid,liquid,-0.0
1112,liquid,matter,-9.477347119234063
1113,list,position,-10.088522236982861
1114,live,makeup,-9.992413074669221
1115,live,race,-9.810888654292379
1116,living,support,-9.4039793271221
1117,load,weight,-9.104875833207641
1118,location,property,-9.347524133465335
1119,look,look,-0.0
1120,looking,search,-9.373843355892625
1121,lost,people,-9.170352602267934
1122,low,shoulder,-9.582216923911263
1123,lower,sustain,-9.88773536345005
1124,machine,pond,-9.176853535799145
1125,madhouse,mental,-9.506761163731907
1126,magnolia,maple,-9.179339917976831
1127,majority,number,-10.177638424313006
1128,maker,manufacturer,-7.616003037023185
1129,makeup,people,-9.493376526908841
1130,makeup,skull,-9.647491379916193
1131,male,man,-7.683577508738097
1132,male,tongue,-8.953622895042958
1133,mallard,portrait,-9.451451157698079
1134,man,sexy,-8.12999666056749
1135,map,weed,-10.28112771676847
1136,marble,marching,-9.325040005559108
1137,marble,monkey,-8.941614804937176
1138,marble,statue,-7.633465291727984
1139,marble,stone,-7.204861211045734
1140,marble,wall,-9.054618867176996
1141,mark,trace,-9.776029470396038
1142,market,sell,-8.091753268018756
1143,married,person,-9.108106060952627
1144,mask,roof,-9.29549122159348
1145,match,stadium,-8.771047817670901
1146,mature,mature,-0.0
1147,maxwell,transmission,-10.820445628921656
1148,mayor,water,-9.273756556604665
1149,meaning,translation,-9.24517806816011
1150,measure,money,-9.52091683123313
1151,measure,sea,-9.990036122346353
1152,meat,pond,-8.785087503686574
1153,mechanism,stabilize,-9.567353358156286
1154,medium,organization,-9.711730415557009
1155,melody,music,-7.729097757651886
1156,memorial,people,-9.498790490061953
1157,memorial,rope,-9.969524139180875
1158,memory,operation,-10.065633990820551
1159,merchandise,stock,-9.755791733430865
1160,metal,silver,-8.775926024248117
1161,metal,zinc,-8.968638136438505
1162,metro,station,-9.514900173305596
1163,microwave,radiation,-8.72298671748933
1164,mill,sunflower,-9.135812496313113
1165,mill,wild,-9.24018851436396
1166,mind,mind,-0.0
1167,mind,recall,-9.486608590928382
1168,ministry,resident,-9.350102532077718
1169,minor,minority,-10.034427513031002
1170,mirror,raspberry,-8.919558247777253
1171,mist,sunshine,-9.492563118410155
1172,misty,rain,-9.720355933392755
1173,misty,scenery,-8.893736340987203
1174,misty,sky,-8.714704403012652
1175,misty,sunrise,-9.33664478173678
1176,misty,weather,-9.626610690972056
1177,modification,surprise,-10.557458148101501
1178,money,pile,-9.22039281756288
1179,month,week,-7.675891288801927
1180,moon,mushroom,-9.330052530924966
1181,moon,planet,-8.89292400812294
1182,moon,sky,-8.976918825797679
1183,moon,sun,-9.335953519227516
1184,morning,sky,-8.79258680021291
1185,morning,sleep,-8.691986835383604
1186,morning,time,-8.652308934887326
1187,moroccan,morocco,-9.174668755645715
1188,mother,pregnant,-8.167200539572717
1189,mother,yeast,-8.630305002611252
1190,motor,vehicle,-8.996812047645387
1191,motto,volunteer,-9.865933703964318
1192,mountain,sea,-8.890283828248483
1193,mouth,tongue,-7.7247775531403295
1194,move,shifting,-9.659103973504557
1195,move,spread,-10.28221540962423
1196,move,stick,-10.014784911453807
1197,move,swell,-10.257742895515339
1198,movie,television,-8.191076042063676
1199,mural,paint,-8.531336555375265
1200,murphy,potato,-8.448099858715196
1201,muscle,nature,-9.513182162201627
1202,mushroom,salad,-6.993194231970966
1203,music,sound,-7.091205418737171
1204,musical,opera,-7.479257817722133
1205,musician,piano,-7.934139951555598
1206,narration,telling,-8.986168796006206
1207,native,rhodes,-9.045224803963004
1208,nest,wasp,-9.4759969692372
1209,night,sitting,-8.143012617508992
1210,night,sunset,-8.32021294048057
1211,noise,splash,-8.931478502780122
1212,notebook,production,-10.442384155809178
1213,nude,painting,-8.460740510552544
1214,number,square,-9.894967028280806
1215,number,web,-9.64865156261681
1216,occupancy,percent,-9.509630384634464
1217,ocean,sea,-7.505509199158406
1218,ocean,underwater,-8.43823618165848
1219,ocean,water,-8.135694543965187
1220,opening,up,-9.20080747646306
1221,opera,serial,-9.708935439346325
1222,orange,pink,-6.988562312826547
1223,orange,purple,-7.258512408828432
1224,orange,red,-7.173095684084163
1225,orange,strawberry,-8.54213715527909
1226,order,world,-9.977228797378991
1227,outdoor,swimming,-8.348439373866197
1228,outfit,skirt,-7.745038840542655
1229,overflow,sewer,-9.348226905581747
1230,padding,tower,-9.66175511366162
1231,paint,puddle,-8.485787648782711
1232,pakistan,radical,-9.482298313825
1233,panorama,scenery,-9.06564947658645
1234,paper,paper,-0.0
1235,paper,tattoo,-9.43666424070404
1236,papers,security,-9.778782837543087
1237,parade,store,-9.33611035462372
1238,parade,table,-9.688511373014904
1239,parcel,region,-9.98448330084437
1240,parking,photographer,-9.610649942963862
1241,parrot,wing,-9.881757402301988
1242,part,pressing,-9.366160305382277
1243,part,substance,-9.876250847050636
1244,patch,spot,-9.24388465471491
1245,patent,professional,-9.914810963169225
1246,path,sunflower,-9.721552502479723
1247,patio,room,-7.526621326737083
1248,patio,sitting,-7.838850668207044
1249,patio,swan,-9.376450200549762
1250,patio,washing,-8.512791430562316
1251,patronage,people,-9.740160882851994
1252,patterned,professor,-9.090830298998691
1253,pavilion,terrace,-8.606664058645448
1254,paw,pet,-8.766897827456761
1255,peace,war,-8.659523689234094
1256,pebble,sand,-9.437422301983569
1257,people,wounded,-8.704658535843661
1258,perceive,touching,-9.54711217189348
1259,perform,solo,-9.243924157132035
1260,permission,tolerance,-10.006502405041257
1261,person,technician,-9.33222009461623
1262,petal,yellow,-8.435043832540956
1263,phantom,shadow,-9.280329290235843
1264,phone,stock,-9.754544864236518
1265,photo,picture,-8.730148208473976
1266,photography,portrait,-8.334014441591714
1267,physical,resolution,-9.07385021988795
1268,piano,wolf,-9.965849969904783
1269,piece,sail,-9.272677759094943
1270,pigeon,reading,-9.441307605239006
1271,pigeon,round,-10.172515480927231
1272,pillow,stone,-8.730198937537201
1273,pink,red,-7.091000679830999
1274,pink,shade,-7.247103033647561
1275,pink,yellow,-6.324664156025412
1276,pizza,railway,-9.326370212271963
1277,place,place,-0.0
1278,place,position,-8.711457006764427
1279,place,siphon,-10.548278294020994
1280,plane,radar,-9.190392585178985
1281,plant,seed,-9.553127542779558
1282,plant,skate,-10.688087419815613
1283,plot,strategy,-9.219154719061207
1284,pod,round,-9.694052471911045
1285,point,second,-8.58117044132649
1286,point,tennis,-9.971948908727324
1287,point,trouble,-9.48142346505386
1288,poll,straw,-9.809652977575665
1289,poll,vote,-9.313178015907535
1290,poodle,terrier,-8.971610620173626
1291,porch,pug,-8.566382606481197
1292,porch,staircase,-8.25390584537216
1293,portrait,rocket,-10.028327217281102
1294,possession,possession,-0.0
1295,post,view,-10.271002119251463
1296,post,white,-9.883490397258628
1297,potato,sweet,-6.681604715852707
1298,power,sway,-9.74928458055337
1299,pregnancy,pregnant,-8.312221316243566
1300,price,price,-0.0
1301,print,produce,-9.020733845374446
1302,process,rule,-9.765882294756471
1303,production,theater,-8.599715548420491
1304,project,project,-0.0
1305,proper,right,-8.823610004961044
1306,property,size,-9.56005974861568
1307,protection,roof,-9.220783028678975
1308,protocol,rule,-10.439885802378642
1309,publish,show,-10.081650491672617
1310,puddle,street,-8.726192854064879
1311,purple,red,-7.368629217320373
1312,purple,shade,-7.561686955457043
1313,purple,stripe,-8.456669845483962
1314,put,space,-9.561451982731436
1315,quiet,silence,-8.829061109264988
1316,race,racing,-8.307570403114788
1317,racing,shirt,-9.118477038292529
1318,racket,tennis,-9.727819908389586
1319,radical,uniform,-9.861180205671477
1320,rail,train,-8.31725666637381
1321,railroad,underground,-9.236004770659811
1322,railway,station,-8.994176386152592
1323,railway,train,-8.562193258624074
1324,rain,sun,-9.586115077018231
1325,rainbow,whale,-9.9804897768436
1326,raise,shoulders,-9.545394471010571
1327,raising,upbringing,-9.911214427375434
1328,rap,tap,-9.384493288049647
1329,ray,shark,-9.51663198895853
1330,read,reading,-6.826048877982055
1331,recognition,recognition,-0.0
1332,recognition,seeing,-9.495556456699436
1333,record,score,-8.914217652970326
1334,record,write,-9.856054085299784
1335,red,shade,-8.23177690916492
1336,red,tea,-8.6678294136368
1337,red,white,-7.6863897217077355
1338,redhead,reflection,-9.163496898129388
1339,relax,sunshine,-9.916280597512825
1340,religion,trinity,-9.835204765107234
1341,representative,voice,-9.672154115839481
1342,reptile,swim,-9.487226140068694
1343,reptile,wild,-8.720680385690018
1344,reservation,reservation,-0.0
1345,resistance,resistance,-0.0
1346,restaurant,shopping,-7.744412678864614
1347,restaurant,sushi,-7.327545174059395
1348,restaurant,violet,-8.797966774176928
1349,review,study,-8.977367322817448
1350,reviewers,writer,-9.17020294330606
1351,rice,soup,-7.735377955340316
1352,rice,yellow,-8.677026478298812
1353,river,stream,-8.185012379261385
1354,riverside,vietnamese,-10.395029681143699
1355,road,sidewalk,-8.773399071497693
1356,robbery,rolling,-10.14486531887626
1357,rock,stone,-7.365730209613985
1358,rodent,smile,-9.150431115966189
1359,rolling,sound,-8.913251881815436
1360,roof,stair,-8.712465790461186
1361,roof,tile,-7.7180246439568165
1362,room,stair,-8.418513547861723
1363,rope,shore,-9.087815874007974
1364,rose,rose,-0.0
1365,rough,rough,-0.0
1366,round,travel,-9.923363193345159
1367,row,terrace,-9.14991832381256
1368,rugby,soccer,-9.49209553768532
1369,ruin,shore,-9.546873524707825
1370,ruin,stone,-8.895260103218314
1371,ruin,town,-8.991722528209953
1372,run,train,-9.571102956612958
1373,running,sprint,-9.471190337321168
1374,rust,rusty,-8.767430987078564
1375,rusty,shade,-9.129594345147696
1376,sacrifice,sacrifice,-0.0
1377,sailing,sunk,-9.384073335342427
1378,salad,soup,-6.098972892320481
1379,salad,sweet,-6.404860117238088
1380,scenery,shore,-8.984984417963654
1381,scenery,sketch,-9.05324487892216
1382,scenery,skyline,-8.864454615401707
1383,scenery,sunshine,-9.627223577455831
1384,scenery,trail,-9.24257561699202
1385,scenery,valley,-9.056421457687236
1386,school,traffic,-9.956862064571116
1387,science,shelter,-9.87194813557059
1388,sea,sing,-9.461189221193544
1389,sea,swim,-9.124273446260466
1390,seal,washers,-9.262181349081505
1391,season,summer,-8.061090398073322
1392,second,time,-8.040699272042554
1393,session,surprise,-10.559352614574898
1394,sexy,smile,-8.106384771968724
1395,shade,sunlight,-7.654354385563612
1396,shade,whale,-9.639500534936838
1397,shade,yellow,-7.580991342668462
1398,shed,traffic,-10.083443188946966
1399,sheet,window,-8.660865218798898
1400,shifting,shifting,-0.0
1401,shirt,show,-8.456697258596545
1402,shirt,skirt,-7.561957193402712
1403,shoot,sucker,-9.687690705822968
1404,shop,shopping,-7.195949332367836
1405,shop,summer,-8.759094247537737
1406,shore,swim,-9.087218883781857
1407,shore,valley,-9.565823013965158
1408,shore,waterfall,-8.743827157148795
1409,shore,woodland,-9.856616022498862
1410,shot,shot,-0.0
1411,side,street,-8.501187735788534
1412,sight,vision,-8.75365020985653
1413,sign,street,-9.122272082145384
1414,silence,still,-9.132428272919308
1415,singles,tennis,-8.62427267178218
1416,sit,sit,-0.0
1417,situation,things,-8.735516311056601
1418,skate,skating,-8.600768413889485
1419,sketch,texture,-8.821857028929717
1420,skin,television,-9.606553450926253
1421,skull,storm,-10.13594551190426
1422,sky,sunlight,-8.182477320548427
1423,skyline,skyscraper,-8.887657061371002
1424,slash,stroke,-10.576113152205775
1425,slave,work,-9.505018105784586
1426,slave,worker,-10.135865394010281
1427,sleeping,waking,-8.371040428923811
1428,small,valley,-8.338578910950991
1429,smash,success,-9.434298343417783
1430,smile,stand,-9.060662095222035
1431,smoking,sunny,-10.353454567810488
1432,snake,taxi,-9.461089678818654
1433,snap,touch,-8.698650867655157
1434,snow,sunshine,-9.453168433809259
1435,space,space,-0.0
1436,species,stability,-9.799211287363073
1437,spiral,staircase,-8.624647986542286
1438,splash,swim,-8.675224222251062
1439,spring,sunshine,-9.354233259316437
1440,sprint,standing,-9.742744068691454
1441,square,town,-8.428956356520901
1442,stair,steel,-9.585012290750155
1443,stamp,weave,-9.887133247597358
1444,star,storm,-9.870047806906028
1445,statement,word,-8.88898633657463
1446,station,train,-8.403879588003376
1447,steel,weapon,-10.066776653251322
1448,steel,wing,-10.327535328229883
1449,stock,stock,-0.0
1450,stone,wall,-8.82664379896849
1451,storm,sweet,-9.628913521318385
1452,storm,thunderstorm,-9.655364664136636
1453,straight,stretch,-8.165977767329501
1454,strains,trouble,-9.76363000491702
1455,strawberry,sweet,-8.061035855263667
1456,strawberry,tomato,-7.877977828335377
1457,string,string,-0.0
1458,string,team,-9.581391420935141
1459,stripe,violet,-8.559712916784802
1460,stripe,white,-9.241709781227152
1461,stroke,stroke,-0.0
1462,study,study,-0.0
1463,subway,train,-8.923944788614206
1464,suffering,suffering,-0.0
1465,summer,weather,-9.023251892219367
1466,sun,sunshine,-8.82616746964653
1467,sunglass,weed,-9.766784676433005
1468,sunny,sunset,-9.56519889258985
1469,sunny,wet,-9.001219898530895
1470,sunny,winter,-9.37099157340552
1471,sunshine,weather,-9.821687848809505
1472,supporters,trader,-10.38457938148066
1473,surf,surfer,-8.640312449104352
1474,swim,swimming,-7.947786749468153
1475,swim,underwater,-8.727331346352248
1476,swim,vehicle,-9.790340226707027
1477,tea,village,-8.887019021768996
1478,tenure,term,-9.156928609908965
1479,term,term,-0.0
1480,things,things,-0.0
1481,town,village,-6.552744544294991
1482,track,yellow,-8.91280062083672
1483,trading,trading,-0.0
1484,trading,traffic,-9.488608106408046
1485,trailer,vehicle,-8.78300765355565
1486,travel,wandering,-9.814045424158477
1487,travel,wood,-10.095022229233876
1488,troops,troops,-0.0
1489,upgrade,upgrade,-0.0
1490,van,vehicle,-8.905801615494584
1491,vanished,vanished,-0.0
1492,vine,wine,-8.424962524907771
1493,violet,yellow,-8.293027987615746
1494,washer,worker,-9.529772808188108
1495,water,water,-0.0
1496,ways,ways,-0.0
1497,white,white,-0.0
1498,wife,woman,-7.019680792442957
1499,word,word,-0.0
